<Environment>
	<Variable>
		<Name>Test_Suite</Name>
		<Value>Test_Case.xlsx</Value>
	</Variable>
	<Variable>
		<Name>Object_Repository</Name>
		<Value>Obj_Repository.tsr</Value>
	</Variable>
	<Variable>
		<Name>Browser</Name>
		<Value>GC</Value>
	</Variable>
	<Variable>
		<Name>URL</Name>
		<Value>https://www.kia.com/nl/</Value>
	</Variable>
	<Variable>
		<Name>Browser_Obj_Name</Name>
		<Value>brw_KIA</Value>
	</Variable>
	<Variable>
		<Name>Page_Obj_Name</Name>
		<Value>pge_KIA</Value>
	</Variable>
	<Variable>
		<Name>Screenshot_Path</Name>
		<Value>Screenshots\</Value>
	</Variable>
	<Variable>
		<Name>Results_Path</Name>
		<Value>Results\</Value>
	</Variable>
</Environment>